cell_id,sector_name,sector_letter,sector_number,lon1,lat1,lon2,lat2,lon3,lat3,lon4,lat4,lon5,lat5
1,S001,A,1,-8.0000,40.0000,-7.9900,40.0000,-7.9900,40.0100,-8.0000,40.0100,-8.0000,40.0000
2,S002,A,2,-7.9900,40.0000,-7.9800,40.0000,-7.9800,40.0100,-7.9900,40.0100,-7.9900,40.0000
3,S003,A,3,-7.9800,40.0000,-7.9700,40.0000,-7.9700,40.0100,-7.9800,40.0100,-7.9800,40.0000
4,S004,A,4,-7.9700,40.0000,-7.9600,40.0000,-7.9600,40.0100,-7.9700,40.0100,-7.9700,40.0000
5,S005,A,5,-7.9600,40.0000,-7.9500,40.0000,-7.9500,40.0100,-7.9600,40.0100,-7.9600,40.0000
6,S006,A,6,-7.9500,40.0000,-7.9400,40.0000,-7.9400,40.0100,-7.9500,40.0100,-7.9500,40.0000
7,S007,A,7,-7.9400,40.0000,-7.9300,40.0000,-7.9300,40.0100,-7.9400,40.0100,-7.9400,40.0000
8,S008,A,8,-7.9300,40.0000,-7.9200,40.0000,-7.9200,40.0100,-7.9300,40.0100,-7.9300,40.0000
9,S009,A,9,-7.9200,40.0000,-7.9100,40.0000,-7.9100,40.0100,-7.9200,40.0100,-7.9200,40.0000
10,S010,A,10,-7.9100,40.0000,-7.9000,40.0000,-7.9000,40.0100,-7.9100,40.0100,-7.9100,40.0000
11,S011,A,11,-7.9000,40.0000,-7.8900,40.0000,-7.8900,40.0100,-7.9000,40.0100,-7.9000,40.0000
12,S012,A,12,-7.8900,40.0000,-7.8800,40.0000,-7.8800,40.0100,-7.8900,40.0100,-7.8900,40.0000
13,S013,A,13,-7.8800,40.0000,-7.8700,40.0000,-7.8700,40.0100,-7.8800,40.0100,-7.8800,40.0000
14,S014,A,14,-7.8700,40.0000,-7.8600,40.0000,-7.8600,40.0100,-7.8700,40.0100,-7.8700,40.0000
15,S015,A,15,-7.8600,40.0000,-7.8500,40.0000,-7.8500,40.0100,-7.8600,40.0100,-7.8600,40.0000
16,S016,A,16,-7.8500,40.0000,-7.8400,40.0000,-7.8400,40.0100,-7.8500,40.0100,-7.8500,40.0000
17,S017,A,17,-7.8400,40.0000,-7.8300,40.0000,-7.8300,40.0100,-7.8400,40.0100,-7.8400,40.0000
18,S018,A,18,-7.8300,40.0000,-7.8200,40.0000,-7.8200,40.0100,-7.8300,40.0100,-7.8300,40.0000
19,S019,A,19,-7.8200,40.0000,-7.8100,40.0000,-7.8100,40.0100,-7.8200,40.0100,-7.8200,40.0000
20,S020,A,20,-7.8100,40.0000,-7.8000,40.0000,-7.8000,40.0100,-7.8100,40.0100,-7.8100,40.0000
21,S021,B,1,-8.0000,40.0100,-7.9900,40.0100,-7.9900,40.0200,-8.0000,40.0200,-8.0000,40.0100
22,S022,B,2,-7.9900,40.0100,-7.9800,40.0100,-7.9800,40.0200,-7.9900,40.0200,-7.9900,40.0100
23,S023,B,3,-7.9800,40.0100,-7.9700,40.0100,-7.9700,40.0200,-7.9800,40.0200,-7.9800,40.0100
24,S024,B,4,-7.9700,40.0100,-7.9600,40.0100,-7.9600,40.0200,-7.9700,40.0200,-7.9700,40.0100
25,S025,B,5,-7.9600,40.0100,-7.9500,40.0100,-7.9500,40.0200,-7.9600,40.0200,-7.9600,40.0100
26,S026,B,6,-7.9500,40.0100,-7.9400,40.0100,-7.9400,40.0200,-7.9500,40.0200,-7.9500,40.0100
27,S027,B,7,-7.9400,40.0100,-7.9300,40.0100,-7.9300,40.0200,-7.9400,40.0200,-7.9400,40.0100
28,S028,B,8,-7.9300,40.0100,-7.9200,40.0100,-7.9200,40.0200,-7.9300,40.0200,-7.9300,40.0100
29,S029,B,9,-7.9200,40.0100,-7.9100,40.0100,-7.9100,40.0200,-7.9200,40.0200,-7.9200,40.0100
30,S030,B,10,-7.9100,40.0100,-7.9000,40.0100,-7.9000,40.0200,-7.9100,40.0200,-7.9100,40.0100
31,S031,B,11,-7.9000,40.0100,-7.8900,40.0100,-7.8900,40.0200,-7.9000,40.0200,-7.9000,40.0100
32,S032,B,12,-7.8900,40.0100,-7.8800,40.0100,-7.8800,40.0200,-7.8900,40.0200,-7.8900,40.0100
33,S033,B,13,-7.8800,40.0100,-7.8700,40.0100,-7.8700,40.0200,-7.8800,40.0200,-7.8800,40.0100
34,S034,B,14,-7.8700,40.0100,-7.8600,40.0100,-7.8600,40.0200,-7.8700,40.0200,-7.8700,40.0100
35,S035,B,15,-7.8600,40.0100,-7.8500,40.0100,-7.8500,40.0200,-7.8600,40.0200,-7.8600,40.0100
36,S036,B,16,-7.8500,40.0100,-7.8400,40.0100,-7.8400,40.0200,-7.8500,40.0200,-7.8500,40.0100
37,S037,B,17,-7.8400,40.0100,-7.8300,40.0100,-7.8300,40.0200,-7.8400,40.0200,-7.8400,40.0100
38,S038,B,18,-7.8300,40.0100,-7.8200,40.0100,-7.8200,40.0200,-7.8300,40.0200,-7.8300,40.0100
39,S039,B,19,-7.8200,40.0100,-7.8100,40.0100,-7.8100,40.0200,-7.8200,40.0200,-7.8200,40.0100
40,S040,B,20,-7.8100,40.0100,-7.8000,40.0100,-7.8000,40.0200,-7.8100,40.0200,-7.8100,40.0100
41,S041,C,1,-8.0000,40.0200,-7.9900,40.0200,-7.9900,40.0300,-8.0000,40.0300,-8.0000,40.0200
42,S042,C,2,-7.9900,40.0200,-7.9800,40.0200,-7.9800,40.0300,-7.9900,40.0300,-7.9900,40.0200
43,S043,C,3,-7.9800,40.0200,-7.9700,40.0200,-7.9700,40.0300,-7.9800,40.0300,-7.9800,40.0200
44,S044,C,4,-7.9700,40.0200,-7.9600,40.0200,-7.9600,40.0300,-7.9700,40.0300,-7.9700,40.0200
45,S045,C,5,-7.9600,40.0200,-7.9500,40.0200,-7.9500,40.0300,-7.9600,40.0300,-7.9600,40.0200
46,S046,C,6,-7.9500,40.0200,-7.9400,40.0200,-7.9400,40.0300,-7.9500,40.0300,-7.9500,40.0200
47,S047,C,7,-7.9400,40.0200,-7.9300,40.0200,-7.9300,40.0300,-7.9400,40.0300,-7.9400,40.0200
48,S048,C,8,-7.9300,40.0200,-7.9200,40.0200,-7.9200,40.0300,-7.9300,40.0300,-7.9300,40.0200
49,S049,C,9,-7.9200,40.0200,-7.9100,40.0200,-7.9100,40.0300,-7.9200,40.0300,-7.9200,40.0200
50,S050,C,10,-7.9100,40.0200,-7.9000,40.0200,-7.9000,40.0300,-7.9100,40.0300,-7.9100,40.0200
51,S051,C,11,-7.9000,40.0200,-7.8900,40.0200,-7.8900,40.0300,-7.9000,40.0300,-7.9000,40.0200
52,S052,C,12,-7.8900,40.0200,-7.8800,40.0200,-7.8800,40.0300,-7.8900,40.0300,-7.8900,40.0200
53,S053,C,13,-7.8800,40.0200,-7.8700,40.0200,-7.8700,40.0300,-7.8800,40.0300,-7.8800,40.0200
54,S054,C,14,-7.8700,40.0200,-7.8600,40.0200,-7.8600,40.0300,-7.8700,40.0300,-7.8700,40.0200
55,S055,C,15,-7.8600,40.0200,-7.8500,40.0200,-7.8500,40.0300,-7.8600,40.0300,-7.8600,40.0200
56,S056,C,16,-7.8500,40.0200,-7.8400,40.0200,-7.8400,40.0300,-7.8500,40.0300,-7.8500,40.0200
57,S057,C,17,-7.8400,40.0200,-7.8300,40.0200,-7.8300,40.0300,-7.8400,40.0300,-7.8400,40.0200
58,S058,C,18,-7.8300,40.0200,-7.8200,40.0200,-7.8200,40.0300,-7.8300,40.0300,-7.8300,40.0200
59,S059,C,19,-7.8200,40.0200,-7.8100,40.0200,-7.8100,40.0300,-7.8200,40.0300,-7.8200,40.0200
60,S060,C,20,-7.8100,40.0200,-7.8000,40.0200,-7.8000,40.0300,-7.8100,40.0300,-7.8100,40.0200
61,S061,D,1,-8.0000,40.0300,-7.9900,40.0300,-7.9900,40.0400,-8.0000,40.0400,-8.0000,40.0300
62,S062,D,2,-7.9900,40.0300,-7.9800,40.0300,-7.9800,40.0400,-7.9900,40.0400,-7.9900,40.0300
63,S063,D,3,-7.9800,40.0300,-7.9700,40.0300,-7.9700,40.0400,-7.9800,40.0400,-7.9800,40.0300
64,S064,D,4,-7.9700,40.0300,-7.9600,40.0300,-7.9600,40.0400,-7.9700,40.0400,-7.9700,40.0300
65,S065,D,5,-7.9600,40.0300,-7.9500,40.0300,-7.9500,40.0400,-7.9600,40.0400,-7.9600,40.0300
66,S066,D,6,-7.9500,40.0300,-7.9400,40.0300,-7.9400,40.0400,-7.9500,40.0400,-7.9500,40.0300
67,S067,D,7,-7.9400,40.0300,-7.9300,40.0300,-7.9300,40.0400,-7.9400,40.0400,-7.9400,40.0300
68,S068,D,8,-7.9300,40.0300,-7.9200,40.0300,-7.9200,40.0400,-7.9300,40.0400,-7.9300,40.0300
69,S069,D,9,-7.9200,40.0300,-7.9100,40.0300,-7.9100,40.0400,-7.9200,40.0400,-7.9200,40.0300
70,S070,D,10,-7.9100,40.0300,-7.9000,40.0300,-7.9000,40.0400,-7.9100,40.0400,-7.9100,40.0300
71,S071,D,11,-7.9000,40.0300,-7.8900,40.0300,-7.8900,40.0400,-7.9000,40.0400,-7.9000,40.0300
72,S072,D,12,-7.8900,40.0300,-7.8800,40.0300,-7.8800,40.0400,-7.8900,40.0400,-7.8900,40.0300
73,S073,D,13,-7.8800,40.0300,-7.8700,40.0300,-7.8700,40.0400,-7.8800,40.0400,-7.8800,40.0300
74,S074,D,14,-7.8700,40.0300,-7.8600,40.0300,-7.8600,40.0400,-7.8700,40.0400,-7.8700,40.0300
75,S075,D,15,-7.8600,40.0300,-7.8500,40.0300,-7.8500,40.0400,-7.8600,40.0400,-7.8600,40.0300
76,S076,D,16,-7.8500,40.0300,-7.8400,40.0300,-7.8400,40.0400,-7.8500,40.0400,-7.8500,40.0300
77,S077,D,17,-7.8400,40.0300,-7.8300,40.0300,-7.8300,40.0400,-7.8400,40.0400,-7.8400,40.0300
78,S078,D,18,-7.8300,40.0300,-7.8200,40.0300,-7.8200,40.0400,-7.8300,40.0400,-7.8300,40.0300
79,S079,D,19,-7.8200,40.0300,-7.8100,40.0300,-7.8100,40.0400,-7.8200,40.0400,-7.8200,40.0300
80,S080,D,20,-7.8100,40.0300,-7.8000,40.0300,-7.8000,40.0400,-7.8100,40.0400,-7.8100,40.0300
81,S081,E,1,-8.0000,40.0400,-7.9900,40.0400,-7.9900,40.0500,-8.0000,40.0500,-8.0000,40.0400
82,S082,E,2,-7.9900,40.0400,-7.9800,40.0400,-7.9800,40.0500,-7.9900,40.0500,-7.9900,40.0400
83,S083,E,3,-7.9800,40.0400,-7.9700,40.0400,-7.9700,40.0500,-7.9800,40.0500,-7.9800,40.0400
84,S084,E,4,-7.9700,40.0400,-7.9600,40.0400,-7.9600,40.0500,-7.9700,40.0500,-7.9700,40.0400
85,S085,E,5,-7.9600,40.0400,-7.9500,40.0400,-7.9500,40.0500,-7.9600,40.0500,-7.9600,40.0400
86,S086,E,6,-7.9500,40.0400,-7.9400,40.0400,-7.9400,40.0500,-7.9500,40.0500,-7.9500,40.0400
87,S087,E,7,-7.9400,40.0400,-7.9300,40.0400,-7.9300,40.0500,-7.9400,40.0500,-7.9400,40.0400
88,S088,E,8,-7.9300,40.0400,-7.9200,40.0400,-7.9200,40.0500,-7.9300,40.0500,-7.9300,40.0400
89,S089,E,9,-7.9200,40.0400,-7.9100,40.0400,-7.9100,40.0500,-7.9200,40.0500,-7.9200,40.0400
90,S090,E,10,-7.9100,40.0400,-7.9000,40.0400,-7.9000,40.0500,-7.9100,40.0500,-7.9100,40.0400
91,S091,E,11,-7.9000,40.0400,-7.8900,40.0400,-7.8900,40.0500,-7.9000,40.0500,-7.9000,40.0400
92,S092,E,12,-7.8900,40.0400,-7.8800,40.0400,-7.8800,40.0500,-7.8900,40.0500,-7.8900,40.0400
93,S093,E,13,-7.8800,40.0400,-7.8700,40.0400,-7.8700,40.0500,-7.8800,40.0500,-7.8800,40.0400
94,S094,E,14,-7.8700,40.0400,-7.8600,40.0400,-7.8600,40.0500,-7.8700,40.0500,-7.8700,40.0400
95,S095,E,15,-7.8600,40.0400,-7.8500,40.0400,-7.8500,40.0500,-7.8600,40.0500,-7.8600,40.0400
96,S096,E,16,-7.8500,40.0400,-7.8400,40.0400,-7.8400,40.0500,-7.8500,40.0500,-7.8500,40.0400
97,S097,E,17,-7.8400,40.0400,-7.8300,40.0400,-7.8300,40.0500,-7.8400,40.0500,-7.8400,40.0400
98,S098,E,18,-7.8300,40.0400,-7.8200,40.0400,-7.8200,40.0500,-7.8300,40.0500,-7.8300,40.0400
99,S099,E,19,-7.8200,40.0400,-7.8100,40.0400,-7.8100,40.0500,-7.8200,40.0500,-7.8200,40.0400
100,S100,E,20,-7.8100,40.0400,-7.8000,40.0400,-7.8000,40.0500,-7.8100,40.0500,-7.8100,40.0400
101,S101,F,1,-8.0000,40.0500,-7.9900,40.0500,-7.9900,40.0600,-8.0000,40.0600,-8.0000,40.0500
102,S102,F,2,-7.9900,40.0500,-7.9800,40.0500,-7.9800,40.0600,-7.9900,40.0600,-7.9900,40.0500
103,S103,F,3,-7.9800,40.0500,-7.9700,40.0500,-7.9700,40.0600,-7.9800,40.0600,-7.9800,40.0500
104,S104,F,4,-7.9700,40.0500,-7.9600,40.0500,-7.9600,40.0600,-7.9700,40.0600,-7.9700,40.0500
105,S105,F,5,-7.9600,40.0500,-7.9500,40.0500,-7.9500,40.0600,-7.9600,40.0600,-7.9600,40.0500
106,S106,F,6,-7.9500,40.0500,-7.9400,40.0500,-7.9400,40.0600,-7.9500,40.0600,-7.9500,40.0500
107,S107,F,7,-7.9400,40.0500,-7.9300,40.0500,-7.9300,40.0600,-7.9400,40.0600,-7.9400,40.0500
108,S108,F,8,-7.9300,40.0500,-7.9200,40.0500,-7.9200,40.0600,-7.9300,40.0600,-7.9300,40.0500
109,S109,F,9,-7.9200,40.0500,-7.9100,40.0500,-7.9100,40.0600,-7.9200,40.0600,-7.9200,40.0500
110,S110,F,10,-7.9100,40.0500,-7.9000,40.0500,-7.9000,40.0600,-7.9100,40.0600,-7.9100,40.0500
111,S111,F,11,-7.9000,40.0500,-7.8900,40.0500,-7.8900,40.0600,-7.9000,40.0600,-7.9000,40.0500
112,S112,F,12,-7.8900,40.0500,-7.8800,40.0500,-7.8800,40.0600,-7.8900,40.0600,-7.8900,40.0500
113,S113,F,13,-7.8800,40.0500,-7.8700,40.0500,-7.8700,40.0600,-7.8800,40.0600,-7.8800,40.0500
114,S114,F,14,-7.8700,40.0500,-7.8600,40.0500,-7.8600,40.0600,-7.8700,40.0600,-7.8700,40.0500
115,S115,F,15,-7.8600,40.0500,-7.8500,40.0500,-7.8500,40.0600,-7.8600,40.0600,-7.8600,40.0500
116,S116,F,16,-7.8500,40.0500,-7.8400,40.0500,-7.8400,40.0600,-7.8500,40.0600,-7.8500,40.0500
117,S117,F,17,-7.8400,40.0500,-7.8300,40.0500,-7.8300,40.0600,-7.8400,40.0600,-7.8400,40.0500
118,S118,F,18,-7.8300,40.0500,-7.8200,40.0500,-7.8200,40.0600,-7.8300,40.0600,-7.8300,40.0500
119,S119,F,19,-7.8200,40.0500,-7.8100,40.0500,-7.8100,40.0600,-7.8200,40.0600,-7.8200,40.0500
120,S120,F,20,-7.8100,40.0500,-7.8000,40.0500,-7.8000,40.0600,-7.8100,40.0600,-7.8100,40.0500
121,S121,G,1,-8.0000,40.0600,-7.9900,40.0600,-7.9900,40.0700,-8.0000,40.0700,-8.0000,40.0600
122,S122,G,2,-7.9900,40.0600,-7.9800,40.0600,-7.9800,40.0700,-7.9900,40.0700,-7.9900,40.0600
123,S123,G,3,-7.9800,40.0600,-7.9700,40.0600,-7.9700,40.0700,-7.9800,40.0700,-7.9800,40.0600
124,S124,G,4,-7.9700,40.0600,-7.9600,40.0600,-7.9600,40.0700,-7.9700,40.0700,-7.9700,40.0600
125,S125,G,5,-7.9600,40.0600,-7.9500,40.0600,-7.9500,40.0700,-7.9600,40.0700,-7.9600,40.0600
126,S126,G,6,-7.9500,40.0600,-7.9400,40.0600,-7.9400,40.0700,-7.9500,40.0700,-7.9500,40.0600
127,S127,G,7,-7.9400,40.0600,-7.9300,40.0600,-7.9300,40.0700,-7.9400,40.0700,-7.9400,40.0600
128,S128,G,8,-7.9300,40.0600,-7.9200,40.0600,-7.9200,40.0700,-7.9300,40.0700,-7.9300,40.0600
129,S129,G,9,-7.9200,40.0600,-7.9100,40.0600,-7.9100,40.0700,-7.9200,40.0700,-7.9200,40.0600
130,S130,G,10,-7.9100,40.0600,-7.9000,40.0600,-7.9000,40.0700,-7.9100,40.0700,-7.9100,40.0600
131,S131,G,11,-7.9000,40.0600,-7.8900,40.0600,-7.8900,40.0700,-7.9000,40.0700,-7.9000,40.0600
132,S132,G,12,-7.8900,40.0600,-7.8800,40.0600,-7.8800,40.0700,-7.8900,40.0700,-7.8900,40.0600
133,S133,G,13,-7.8800,40.0600,-7.8700,40.0600,-7.8700,40.0700,-7.8800,40.0700,-7.8800,40.0600
134,S134,G,14,-7.8700,40.0600,-7.8600,40.0600,-7.8600,40.0700,-7.8700,40.0700,-7.8700,40.0600
135,S135,G,15,-7.8600,40.0600,-7.8500,40.0600,-7.8500,40.0700,-7.8600,40.0700,-7.8600,40.0600
136,S136,G,16,-7.8500,40.0600,-7.8400,40.0600,-7.8400,40.0700,-7.8500,40.0700,-7.8500,40.0600
137,S137,G,17,-7.8400,40.0600,-7.8300,40.0600,-7.8300,40.0700,-7.8400,40.0700,-7.8400,40.0600
138,S138,G,18,-7.8300,40.0600,-7.8200,40.0600,-7.8200,40.0700,-7.8300,40.0700,-7.8300,40.0600
139,S139,G,19,-7.8200,40.0600,-7.8100,40.0600,-7.8100,40.0700,-7.8200,40.0700,-7.8200,40.0600
140,S140,G,20,-7.8100,40.0600,-7.8000,40.0600,-7.8000,40.0700,-7.8100,40.0700,-7.8100,40.0600
141,S141,H,1,-8.0000,40.0700,-7.9900,40.0700,-7.9900,40.0800,-8.0000,40.0800,-8.0000,40.0700
142,S142,H,2,-7.9900,40.0700,-7.9800,40.0700,-7.9800,40.0800,-7.9900,40.0800,-7.9900,40.0700
143,S143,H,3,-7.9800,40.0700,-7.9700,40.0700,-7.9700,40.0800,-7.9800,40.0800,-7.9800,40.0700
144,S144,H,4,-7.9700,40.0700,-7.9600,40.0700,-7.9600,40.0800,-7.9700,40.0800,-7.9700,40.0700
145,S145,H,5,-7.9600,40.0700,-7.9500,40.0700,-7.9500,40.0800,-7.9600,40.0800,-7.9600,40.0700
146,S146,H,6,-7.9500,40.0700,-7.9400,40.0700,-7.9400,40.0800,-7.9500,40.0800,-7.9500,40.0700
147,S147,H,7,-7.9400,40.0700,-7.9300,40.0700,-7.9300,40.0800,-7.9400,40.0800,-7.9400,40.0700
148,S148,H,8,-7.9300,40.0700,-7.9200,40.0700,-7.9200,40.0800,-7.9300,40.0800,-7.9300,40.0700
149,S149,H,9,-7.9200,40.0700,-7.9100,40.0700,-7.9100,40.0800,-7.9200,40.0800,-7.9200,40.0700
150,S150,H,10,-7.9100,40.0700,-7.9000,40.0700,-7.9000,40.0800,-7.9100,40.0800,-7.9100,40.0700
151,S151,H,11,-7.9000,40.0700,-7.8900,40.0700,-7.8900,40.0800,-7.9000,40.0800,-7.9000,40.0700
152,S152,H,12,-7.8900,40.0700,-7.8800,40.0700,-7.8800,40.0800,-7.8900,40.0800,-7.8900,40.0700
153,S153,H,13,-7.8800,40.0700,-7.8700,40.0700,-7.8700,40.0800,-7.8800,40.0800,-7.8800,40.0700
154,S154,H,14,-7.8700,40.0700,-7.8600,40.0700,-7.8600,40.0800,-7.8700,40.0800,-7.8700,40.0700
155,S155,H,15,-7.8600,40.0700,-7.8500,40.0700,-7.8500,40.0800,-7.8600,40.0800,-7.8600,40.0700
156,S156,H,16,-7.8500,40.0700,-7.8400,40.0700,-7.8400,40.0800,-7.8500,40.0800,-7.8500,40.0700
157,S157,H,17,-7.8400,40.0700,-7.8300,40.0700,-7.8300,40.0800,-7.8400,40.0800,-7.8400,40.0700
158,S158,H,18,-7.8300,40.0700,-7.8200,40.0700,-7.8200,40.0800,-7.8300,40.0800,-7.8300,40.0700
159,S159,H,19,-7.8200,40.0700,-7.8100,40.0700,-7.8100,40.0800,-7.8200,40.0800,-7.8200,40.0700
160,S160,H,20,-7.8100,40.0700,-7.8000,40.0700,-7.8000,40.0800,-7.8100,40.0800,-7.8100,40.0700
161,S161,I,1,-8.0000,40.0800,-7.9900,40.0800,-7.9900,40.0900,-8.0000,40.0900,-8.0000,40.0800
162,S162,I,2,-7.9900,40.0800,-7.9800,40.0800,-7.9800,40.0900,-7.9900,40.0900,-7.9900,40.0800
163,S163,I,3,-7.9800,40.0800,-7.9700,40.0800,-7.9700,40.0900,-7.9800,40.0900,-7.9800,40.0800
164,S164,I,4,-7.9700,40.0800,-7.9600,40.0800,-7.9600,40.0900,-7.9700,40.0900,-7.9700,40.0800
165,S165,I,5,-7.9600,40.0800,-7.9500,40.0800,-7.9500,40.0900,-7.9600,40.0900,-7.9600,40.0800
166,S166,I,6,-7.9500,40.0800,-7.9400,40.0800,-7.9400,40.0900,-7.9500,40.0900,-7.9500,40.0800
167,S167,I,7,-7.9400,40.0800,-7.9300,40.0800,-7.9300,40.0900,-7.9400,40.0900,-7.9400,40.0800
168,S168,I,8,-7.9300,40.0800,-7.9200,40.0800,-7.9200,40.0900,-7.9300,40.0900,-7.9300,40.0800
169,S169,I,9,-7.9200,40.0800,-7.9100,40.0800,-7.9100,40.0900,-7.9200,40.0900,-7.9200,40.0800
170,S170,I,10,-7.9100,40.0800,-7.9000,40.0800,-7.9000,40.0900,-7.9100,40.0900,-7.9100,40.0800
171,S171,I,11,-7.9000,40.0800,-7.8900,40.0800,-7.8900,40.0900,-7.9000,40.0900,-7.9000,40.0800
172,S172,I,12,-7.8900,40.0800,-7.8800,40.0800,-7.8800,40.0900,-7.8900,40.0900,-7.8900,40.0800
173,S173,I,13,-7.8800,40.0800,-7.8700,40.0800,-7.8700,40.0900,-7.8800,40.0900,-7.8800,40.0800
174,S174,I,14,-7.8700,40.0800,-7.8600,40.0800,-7.8600,40.0900,-7.8700,40.0900,-7.8700,40.0800
175,S175,I,15,-7.8600,40.0800,-7.8500,40.0800,-7.8500,40.0900,-7.8600,40.0900,-7.8600,40.0800
176,S176,I,16,-7.8500,40.0800,-7.8400,40.0800,-7.8400,40.0900,-7.8500,40.0900,-7.8500,40.0800
177,S177,I,17,-7.8400,40.0800,-7.8300,40.0800,-7.8300,40.0900,-7.8400,40.0900,-7.8400,40.0800
178,S178,I,18,-7.8300,40.0800,-7.8200,40.0800,-7.8200,40.0900,-7.8300,40.0900,-7.8300,40.0800
179,S179,I,19,-7.8200,40.0800,-7.8100,40.0800,-7.8100,40.0900,-7.8200,40.0900,-7.8200,40.0800
180,S180,I,20,-7.8100,40.0800,-7.8000,40.0800,-7.8000,40.0900,-7.8100,40.0900,-7.8100,40.0800
181,S181,J,1,-8.0000,40.0900,-7.9900,40.0900,-7.9900,40.1000,-8.0000,40.1000,-8.0000,40.0900
182,S182,J,2,-7.9900,40.0900,-7.9800,40.0900,-7.9800,40.1000,-7.9900,40.1000,-7.9900,40.0900
183,S183,J,3,-7.9800,40.0900,-7.9700,40.0900,-7.9700,40.1000,-7.9800,40.1000,-7.9800,40.0900
184,S184,J,4,-7.9700,40.0900,-7.9600,40.0900,-7.9600,40.1000,-7.9700,40.1000,-7.9700,40.0900
185,S185,J,5,-7.9600,40.0900,-7.9500,40.0900,-7.9500,40.1000,-7.9600,40.1000,-7.9600,40.0900
186,S186,J,6,-7.9500,40.0900,-7.9400,40.0900,-7.9400,40.1000,-7.9500,40.1000,-7.9500,40.0900
187,S187,J,7,-7.9400,40.0900,-7.9300,40.0900,-7.9300,40.1000,-7.9400,40.1000,-7.9400,40.0900
188,S188,J,8,-7.9300,40.0900,-7.9200,40.0900,-7.9200,40.1000,-7.9300,40.1000,-7.9300,40.0900
189,S189,J,9,-7.9200,40.0900,-7.9100,40.0900,-7.9100,40.1000,-7.9200,40.1000,-7.9200,40.0900
190,S190,J,10,-7.9100,40.0900,-7.9000,40.0900,-7.9000,40.1000,-7.9100,40.1000,-7.9100,40.0900
191,S191,J,11,-7.9000,40.0900,-7.8900,40.0900,-7.8900,40.1000,-7.9000,40.1000,-7.9000,40.0900
192,S192,J,12,-7.8900,40.0900,-7.8800,40.0900,-7.8800,40.1000,-7.8900,40.1000,-7.8900,40.0900
193,S193,J,13,-7.8800,40.0900,-7.8700,40.0900,-7.8700,40.1000,-7.8800,40.1000,-7.8800,40.0900
194,S194,J,14,-7.8700,40.0900,-7.8600,40.0900,-7.8600,40.1000,-7.8700,40.1000,-7.8700,40.0900
195,S195,J,15,-7.8600,40.0900,-7.8500,40.0900,-7.8500,40.1000,-7.8600,40.1000,-7.8600,40.0900
196,S196,J,16,-7.8500,40.0900,-7.8400,40.0900,-7.8400,40.1000,-7.8500,40.1000,-7.8500,40.0900
197,S197,J,17,-7.8400,40.0900,-7.8300,40.0900,-7.8300,40.1000,-7.8400,40.1000,-7.8400,40.0900
198,S198,J,18,-7.8300,40.0900,-7.8200,40.0900,-7.8200,40.1000,-7.8300,40.1000,-7.8300,40.0900
199,S199,J,19,-7.8200,40.0900,-7.8100,40.0900,-7.8100,40.1000,-7.8200,40.1000,-7.8200,40.0900
200,S200,J,20,-7.8100,40.0900,-7.8000,40.0900,-7.8000,40.1000,-7.8100,40.1000,-7.8100,40.0900
201,S201,K,1,-8.0000,40.1000,-7.9900,40.1000,-7.9900,40.1100,-8.0000,40.1100,-8.0000,40.1000
202,S202,K,2,-7.9900,40.1000,-7.9800,40.1000,-7.9800,40.1100,-7.9900,40.1100,-7.9900,40.1000
203,S203,K,3,-7.9800,40.1000,-7.9700,40.1000,-7.9700,40.1100,-7.9800,40.1100,-7.9800,40.1000
204,S204,K,4,-7.9700,40.1000,-7.9600,40.1000,-7.9600,40.1100,-7.9700,40.1100,-7.9700,40.1000
205,S205,K,5,-7.9600,40.1000,-7.9500,40.1000,-7.9500,40.1100,-7.9600,40.1100,-7.9600,40.1000
206,S206,K,6,-7.9500,40.1000,-7.9400,40.1000,-7.9400,40.1100,-7.9500,40.1100,-7.9500,40.1000
207,S207,K,7,-7.9400,40.1000,-7.9300,40.1000,-7.9300,40.1100,-7.9400,40.1100,-7.9400,40.1000
208,S208,K,8,-7.9300,40.1000,-7.9200,40.1000,-7.9200,40.1100,-7.9300,40.1100,-7.9300,40.1000
209,S209,K,9,-7.9200,40.1000,-7.9100,40.1000,-7.9100,40.1100,-7.9200,40.1100,-7.9200,40.1000
210,S210,K,10,-7.9100,40.1000,-7.9000,40.1000,-7.9000,40.1100,-7.9100,40.1100,-7.9100,40.1000
211,S211,K,11,-7.9000,40.1000,-7.8900,40.1000,-7.8900,40.1100,-7.9000,40.1100,-7.9000,40.1000
212,S212,K,12,-7.8900,40.1000,-7.8800,40.1000,-7.8800,40.1100,-7.8900,40.1100,-7.8900,40.1000
213,S213,K,13,-7.8800,40.1000,-7.8700,40.1000,-7.8700,40.1100,-7.8800,40.1100,-7.8800,40.1000
214,S214,K,14,-7.8700,40.1000,-7.8600,40.1000,-7.8600,40.1100,-7.8700,40.1100,-7.8700,40.1000
215,S215,K,15,-7.8600,40.1000,-7.8500,40.1000,-7.8500,40.1100,-7.8600,40.1100,-7.8600,40.1000
216,S216,K,16,-7.8500,40.1000,-7.8400,40.1000,-7.8400,40.1100,-7.8500,40.1100,-7.8500,40.1000
217,S217,K,17,-7.8400,40.1000,-7.8300,40.1000,-7.8300,40.1100,-7.8400,40.1100,-7.8400,40.1000
218,S218,K,18,-7.8300,40.1000,-7.8200,40.1000,-7.8200,40.1100,-7.8300,40.1100,-7.8300,40.1000
219,S219,K,19,-7.8200,40.1000,-7.8100,40.1000,-7.8100,40.1100,-7.8200,40.1100,-7.8200,40.1000
220,S220,K,20,-7.8100,40.1000,-7.8000,40.1000,-7.8000,40.1100,-7.8100,40.1100,-7.8100,40.1000
221,S221,L,1,-8.0000,40.1100,-7.9900,40.1100,-7.9900,40.1200,-8.0000,40.1200,-8.0000,40.1100
222,S222,L,2,-7.9900,40.1100,-7.9800,40.1100,-7.9800,40.1200,-7.9900,40.1200,-7.9900,40.1100
223,S223,L,3,-7.9800,40.1100,-7.9700,40.1100,-7.9700,40.1200,-7.9800,40.1200,-7.9800,40.1100
224,S224,L,4,-7.9700,40.1100,-7.9600,40.1100,-7.9600,40.1200,-7.9700,40.1200,-7.9700,40.1100
225,S225,L,5,-7.9600,40.1100,-7.9500,40.1100,-7.9500,40.1200,-7.9600,40.1200,-7.9600,40.1100
226,S226,L,6,-7.9500,40.1100,-7.9400,40.1100,-7.9400,40.1200,-7.9500,40.1200,-7.9500,40.1100
227,S227,L,7,-7.9400,40.1100,-7.9300,40.1100,-7.9300,40.1200,-7.9400,40.1200,-7.9400,40.1100
228,S228,L,8,-7.9300,40.1100,-7.9200,40.1100,-7.9200,40.1200,-7.9300,40.1200,-7.9300,40.1100
229,S229,L,9,-7.9200,40.1100,-7.9100,40.1100,-7.9100,40.1200,-7.9200,40.1200,-7.9200,40.1100
230,S230,L,10,-7.9100,40.1100,-7.9000,40.1100,-7.9000,40.1200,-7.9100,40.1200,-7.9100,40.1100
231,S231,L,11,-7.9000,40.1100,-7.8900,40.1100,-7.8900,40.1200,-7.9000,40.1200,-7.9000,40.1100
232,S232,L,12,-7.8900,40.1100,-7.8800,40.1100,-7.8800,40.1200,-7.8900,40.1200,-7.8900,40.1100
233,S233,L,13,-7.8800,40.1100,-7.8700,40.1100,-7.8700,40.1200,-7.8800,40.1200,-7.8800,40.1100
234,S234,L,14,-7.8700,40.1100,-7.8600,40.1100,-7.8600,40.1200,-7.8700,40.1200,-7.8700,40.1100
235,S235,L,15,-7.8600,40.1100,-7.8500,40.1100,-7.8500,40.1200,-7.8600,40.1200,-7.8600,40.1100
236,S236,L,16,-7.8500,40.1100,-7.8400,40.1100,-7.8400,40.1200,-7.8500,40.1200,-7.8500,40.1100
237,S237,L,17,-7.8400,40.1100,-7.8300,40.1100,-7.8300,40.1200,-7.8400,40.1200,-7.8400,40.1100
238,S238,L,18,-7.8300,40.1100,-7.8200,40.1100,-7.8200,40.1200,-7.8300,40.1200,-7.8300,40.1100
239,S239,L,19,-7.8200,40.1100,-7.8100,40.1100,-7.8100,40.1200,-7.8200,40.1200,-7.8200,40.1100
240,S240,L,20,-7.8100,40.1100,-7.8000,40.1100,-7.8000,40.1200,-7.8100,40.1200,-7.8100,40.1100
