-- Synthetic seed for agri-alert-via-port. All data fictional.
CREATE DATABASE IF NOT EXISTS agri;
CREATE DATABASE IF NOT EXISTS weather;
USE weather;
CREATE TABLE stations (station_id VARCHAR(16) PRIMARY KEY, place TEXT,
  latitude_deg DOUBLE, longitude_deg DOUBLE, elevation_m DOUBLE, responsible TEXT);
INSERT INTO stations VALUES ('ST001','Field Site 01',40.01,-7.99,53,'Operator 01');
INSERT INTO stations VALUES ('ST002','Field Site 02',40.02,-7.98,56,'Operator 02');
INSERT INTO stations VALUES ('ST003','Field Site 03',40.03,-7.97,59,'Operator 03');
INSERT INTO stations VALUES ('ST004','Field Site 04',40.04,-7.96,62,'Operator 04');
INSERT INTO stations VALUES ('ST005','Field Site 05',40.05,-7.95,65,'Operator 05');
INSERT INTO stations VALUES ('ST006','Field Site 06',40.06,-7.94,68,'Operator 06');
INSERT INTO stations VALUES ('ST007','Field Site 07',40.07,-7.93,71,'Operator 07');
INSERT INTO stations VALUES ('ST008','Field Site 08',40.08,-7.92,74,'Operator 08');
INSERT INTO stations VALUES ('ST009','Field Site 09',40.09,-7.91,77,'Operator 09');
INSERT INTO stations VALUES ('ST010','Field Site 10',40.1,-7.9,80,'Operator 10');
INSERT INTO stations VALUES ('ST011','Field Site 11',40.11,-7.89,83,'Operator 11');
INSERT INTO stations VALUES ('ST012','Field Site 12',40.0,-7.88,86,'Operator 12');
INSERT INTO stations VALUES ('ST013','Field Site 13',40.01,-7.87,89,'Operator 13');
INSERT INTO stations VALUES ('ST014','Field Site 14',40.02,-7.86,92,'Operator 14');
INSERT INTO stations VALUES ('ST015','Field Site 15',40.03,-7.85,95,'Operator 15');
INSERT INTO stations VALUES ('ST016','Field Site 16',40.04,-7.84,98,'Operator 16');
INSERT INTO stations VALUES ('ST017','Field Site 17',40.05,-7.83,101,'Operator 17');
INSERT INTO stations VALUES ('ST018','Field Site 18',40.06,-7.82,104,'Operator 18');
INSERT INTO stations VALUES ('ST019','Field Site 19',40.07,-7.81,107,'Operator 19');
INSERT INTO stations VALUES ('ST020','Field Site 20',40.08,-8.0,110,'Operator 20');
INSERT INTO stations VALUES ('ST021','Field Site 21',40.09,-7.99,113,'Operator 21');
INSERT INTO stations VALUES ('ST022','Field Site 22',40.1,-7.98,116,'Operator 22');
INSERT INTO stations VALUES ('ST023','Field Site 23',40.11,-7.97,119,'Operator 23');
INSERT INTO stations VALUES ('ST024','Field Site 24',40.0,-7.96,122,'Operator 24');
INSERT INTO stations VALUES ('ST025','Field Site 25',40.01,-7.95,125,'Operator 25');
INSERT INTO stations VALUES ('ST026','Field Site 26',40.02,-7.94,128,'Operator 26');
INSERT INTO stations VALUES ('ST027','Field Site 27',40.03,-7.93,131,'Operator 27');
INSERT INTO stations VALUES ('ST028','Field Site 28',40.04,-7.92,134,'Operator 28');
INSERT INTO stations VALUES ('ST029','Field Site 29',40.05,-7.91,137,'Operator 29');
INSERT INTO stations VALUES ('ST030','Field Site 30',40.06,-7.9,140,'Operator 30');
USE agri;
CREATE TABLE station_status (station_id VARCHAR(16) PRIMARY KEY,
  status ENUM('active','inactive','needs_maintenance'),
  created_at DATETIME, updated_at DATETIME);
CREATE TABLE station_status_log (id INT AUTO_INCREMENT PRIMARY KEY,
  station_id VARCHAR(16), old_status VARCHAR(32), new_status VARCHAR(32),
  note TEXT, created_at DATETIME DEFAULT CURRENT_TIMESTAMP);
CREATE TABLE farmer_contacts (id INT AUTO_INCREMENT PRIMARY KEY,
  reference TEXT, name TEXT, phone_number VARCHAR(9), active BOOLEAN,
  created_at DATETIME, updated_at DATETIME);
CREATE TABLE farmer_sectors (id INT AUTO_INCREMENT PRIMARY KEY,
  name TEXT, label VARCHAR(25), farmer_contact_id INT);
INSERT INTO station_status (station_id,status,created_at,updated_at) VALUES ('ST001','active','2026-01-01T00:00:00Z','2026-01-01T00:00:00Z');
INSERT INTO station_status (station_id,status,created_at,updated_at) VALUES ('ST002','inactive','2026-01-01T00:00:00Z','2026-01-01T00:00:00Z');
INSERT INTO station_status (station_id,status,created_at,updated_at) VALUES ('ST003','needs_maintenance','2026-01-01T00:00:00Z','2026-01-01T00:00:00Z');
INSERT INTO station_status (station_id,status,created_at,updated_at) VALUES ('ST004','active','2026-01-01T00:00:00Z','2026-01-01T00:00:00Z');
INSERT INTO station_status (station_id,status,created_at,updated_at) VALUES ('ST005','inactive','2026-01-01T00:00:00Z','2026-01-01T00:00:00Z');
INSERT INTO station_status (station_id,status,created_at,updated_at) VALUES ('ST006','needs_maintenance','2026-01-01T00:00:00Z','2026-01-01T00:00:00Z');
INSERT INTO station_status (station_id,status,created_at,updated_at) VALUES ('ST007','active','2026-01-01T00:00:00Z','2026-01-01T00:00:00Z');
INSERT INTO station_status (station_id,status,created_at,updated_at) VALUES ('ST008','inactive','2026-01-01T00:00:00Z','2026-01-01T00:00:00Z');
INSERT INTO station_status (station_id,status,created_at,updated_at) VALUES ('ST009','needs_maintenance','2026-01-01T00:00:00Z','2026-01-01T00:00:00Z');
INSERT INTO station_status (station_id,status,created_at,updated_at) VALUES ('ST010','active','2026-01-01T00:00:00Z','2026-01-01T00:00:00Z');
INSERT INTO station_status (station_id,status,created_at,updated_at) VALUES ('ST011','inactive','2026-01-01T00:00:00Z','2026-01-01T00:00:00Z');
INSERT INTO station_status (station_id,status,created_at,updated_at) VALUES ('ST012','needs_maintenance','2026-01-01T00:00:00Z','2026-01-01T00:00:00Z');
INSERT INTO station_status (station_id,status,created_at,updated_at) VALUES ('ST013','active','2026-01-01T00:00:00Z','2026-01-01T00:00:00Z');
INSERT INTO station_status (station_id,status,created_at,updated_at) VALUES ('ST014','inactive','2026-01-01T00:00:00Z','2026-01-01T00:00:00Z');
INSERT INTO station_status (station_id,status,created_at,updated_at) VALUES ('ST015','needs_maintenance','2026-01-01T00:00:00Z','2026-01-01T00:00:00Z');
INSERT INTO station_status (station_id,status,created_at,updated_at) VALUES ('ST016','active','2026-01-01T00:00:00Z','2026-01-01T00:00:00Z');
INSERT INTO station_status (station_id,status,created_at,updated_at) VALUES ('ST017','inactive','2026-01-01T00:00:00Z','2026-01-01T00:00:00Z');
INSERT INTO station_status (station_id,status,created_at,updated_at) VALUES ('ST018','needs_maintenance','2026-01-01T00:00:00Z','2026-01-01T00:00:00Z');
INSERT INTO station_status (station_id,status,created_at,updated_at) VALUES ('ST019','active','2026-01-01T00:00:00Z','2026-01-01T00:00:00Z');
INSERT INTO station_status (station_id,status,created_at,updated_at) VALUES ('ST020','inactive','2026-01-01T00:00:00Z','2026-01-01T00:00:00Z');
INSERT INTO station_status (station_id,status,created_at,updated_at) VALUES ('ST021','needs_maintenance','2026-01-01T00:00:00Z','2026-01-01T00:00:00Z');
INSERT INTO station_status (station_id,status,created_at,updated_at) VALUES ('ST022','active','2026-01-01T00:00:00Z','2026-01-01T00:00:00Z');
INSERT INTO station_status (station_id,status,created_at,updated_at) VALUES ('ST023','inactive','2026-01-01T00:00:00Z','2026-01-01T00:00:00Z');
INSERT INTO station_status (station_id,status,created_at,updated_at) VALUES ('ST024','needs_maintenance','2026-01-01T00:00:00Z','2026-01-01T00:00:00Z');
INSERT INTO station_status (station_id,status,created_at,updated_at) VALUES ('ST025','active','2026-01-01T00:00:00Z','2026-01-01T00:00:00Z');
INSERT INTO station_status (station_id,status,created_at,updated_at) VALUES ('ST026','inactive','2026-01-01T00:00:00Z','2026-01-01T00:00:00Z');
INSERT INTO station_status (station_id,status,created_at,updated_at) VALUES ('ST027','needs_maintenance','2026-01-01T00:00:00Z','2026-01-01T00:00:00Z');
INSERT INTO station_status (station_id,status,created_at,updated_at) VALUES ('ST028','active','2026-01-01T00:00:00Z','2026-01-01T00:00:00Z');
INSERT INTO station_status (station_id,status,created_at,updated_at) VALUES ('ST029','inactive','2026-01-01T00:00:00Z','2026-01-01T00:00:00Z');
INSERT INTO station_status (station_id,status,created_at,updated_at) VALUES ('ST030','needs_maintenance','2026-01-01T00:00:00Z','2026-01-01T00:00:00Z');
INSERT INTO farmer_contacts (id,reference,name,phone_number,active,created_at,updated_at) VALUES (1,'C1001','Sam Nguyen','900111111',1,'2026-01-01T00:00:00Z','2026-01-01T00:00:00Z');
INSERT INTO farmer_sectors (name,label,farmer_contact_id) VALUES ('S038','plot 1-1',1);
INSERT INTO farmer_contacts (id,reference,name,phone_number,active,created_at,updated_at) VALUES (2,'C1002','Jordan Kowalski','900222222',0,'2026-01-01T00:00:00Z','2026-01-01T00:00:00Z');
INSERT INTO farmer_sectors (name,label,farmer_contact_id) VALUES ('S092','plot 2-1',2);
INSERT INTO farmer_sectors (name,label,farmer_contact_id) VALUES ('S090','plot 2-2',2);
INSERT INTO farmer_contacts (id,reference,name,phone_number,active,created_at,updated_at) VALUES (3,'C1003','Casey Okafor','900333333',1,'2026-01-01T00:00:00Z','2026-01-01T00:00:00Z');
INSERT INTO farmer_sectors (name,label,farmer_contact_id) VALUES ('S080','plot 3-1',3);
INSERT INTO farmer_sectors (name,label,farmer_contact_id) VALUES ('S194','plot 3-2',3);
INSERT INTO farmer_sectors (name,label,farmer_contact_id) VALUES ('S076','plot 3-3',3);
INSERT INTO farmer_contacts (id,reference,name,phone_number,active,created_at,updated_at) VALUES (4,'C1004','Riley Larsen','900444444',0,'2026-01-01T00:00:00Z','2026-01-01T00:00:00Z');
INSERT INTO farmer_contacts (id,reference,name,phone_number,active,created_at,updated_at) VALUES (5,'C1005','Morgan Haddad','900555555',1,'2026-01-01T00:00:00Z','2026-01-01T00:00:00Z');
INSERT INTO farmer_sectors (name,label,farmer_contact_id) VALUES ('S186','plot 5-1',5);
INSERT INTO farmer_contacts (id,reference,name,phone_number,active,created_at,updated_at) VALUES (6,'C1006','Taylor Silva','900666666',0,'2026-01-01T00:00:00Z','2026-01-01T00:00:00Z');
INSERT INTO farmer_sectors (name,label,farmer_contact_id) VALUES ('S102','plot 6-1',6);
INSERT INTO farmer_sectors (name,label,farmer_contact_id) VALUES ('S152','plot 6-2',6);
INSERT INTO farmer_contacts (id,reference,name,phone_number,active,created_at,updated_at) VALUES (7,'C1007','Jamie Meyer','900777777',1,'2026-01-01T00:00:00Z','2026-01-01T00:00:00Z');
INSERT INTO farmer_sectors (name,label,farmer_contact_id) VALUES ('S082','plot 7-1',7);
INSERT INTO farmer_sectors (name,label,farmer_contact_id) VALUES ('S022','plot 7-2',7);
INSERT INTO farmer_sectors (name,label,farmer_contact_id) VALUES ('S234','plot 7-3',7);
INSERT INTO farmer_contacts (id,reference,name,phone_number,active,created_at,updated_at) VALUES (8,'C1008','Drew Costa','900888888',0,'2026-01-01T00:00:00Z','2026-01-01T00:00:00Z');
INSERT INTO farmer_contacts (id,reference,name,phone_number,active,created_at,updated_at) VALUES (9,'C1009','Quinn Andersson','900999999',1,'2026-01-01T00:00:00Z','2026-01-01T00:00:00Z');
INSERT INTO farmer_sectors (name,label,farmer_contact_id) VALUES ('S122','plot 9-1',9);
INSERT INTO farmer_contacts (id,reference,name,phone_number,active,created_at,updated_at) VALUES (10,'C1010','Avery Bianchi','901111110',0,'2026-01-01T00:00:00Z','2026-01-01T00:00:00Z');
INSERT INTO farmer_sectors (name,label,farmer_contact_id) VALUES ('S206','plot 10-1',10);
INSERT INTO farmer_sectors (name,label,farmer_contact_id) VALUES ('S054','plot 10-2',10);
INSERT INTO farmer_contacts (id,reference,name,phone_number,active,created_at,updated_at) VALUES (11,'C1011','Parker Novak','901222221',1,'2026-01-01T00:00:00Z','2026-01-01T00:00:00Z');
INSERT INTO farmer_sectors (name,label,farmer_contact_id) VALUES ('S230','plot 11-1',11);
INSERT INTO farmer_sectors (name,label,farmer_contact_id) VALUES ('S026','plot 11-2',11);
INSERT INTO farmer_sectors (name,label,farmer_contact_id) VALUES ('S040','plot 11-3',11);
INSERT INTO farmer_contacts (id,reference,name,phone_number,active,created_at,updated_at) VALUES (12,'C1012','Reese Vidal','901333332',0,'2026-01-01T00:00:00Z','2026-01-01T00:00:00Z');
INSERT INTO farmer_contacts (id,reference,name,phone_number,active,created_at,updated_at) VALUES (13,'C1013','Rowan Roy','901444443',1,'2026-01-01T00:00:00Z','2026-01-01T00:00:00Z');
INSERT INTO farmer_sectors (name,label,farmer_contact_id) VALUES ('S020','plot 13-1',13);
INSERT INTO farmer_contacts (id,reference,name,phone_number,active,created_at,updated_at) VALUES (14,'C1014','Sage Rivera','901555554',0,'2026-01-01T00:00:00Z','2026-01-01T00:00:00Z');
INSERT INTO farmer_sectors (name,label,farmer_contact_id) VALUES ('S086','plot 14-1',14);
INSERT INTO farmer_sectors (name,label,farmer_contact_id) VALUES ('S076','plot 14-2',14);
INSERT INTO farmer_contacts (id,reference,name,phone_number,active,created_at,updated_at) VALUES (15,'C1015','Alex Nguyen','901666665',1,'2026-01-01T00:00:00Z','2026-01-01T00:00:00Z');
INSERT INTO farmer_sectors (name,label,farmer_contact_id) VALUES ('S002','plot 15-1',15);
INSERT INTO farmer_sectors (name,label,farmer_contact_id) VALUES ('S096','plot 15-2',15);
INSERT INTO farmer_sectors (name,label,farmer_contact_id) VALUES ('S172','plot 15-3',15);
INSERT INTO farmer_contacts (id,reference,name,phone_number,active,created_at,updated_at) VALUES (16,'C1016','Sam Kowalski','901777776',0,'2026-01-01T00:00:00Z','2026-01-01T00:00:00Z');
INSERT INTO farmer_contacts (id,reference,name,phone_number,active,created_at,updated_at) VALUES (17,'C1017','Jordan Okafor','901888887',1,'2026-01-01T00:00:00Z','2026-01-01T00:00:00Z');
INSERT INTO farmer_sectors (name,label,farmer_contact_id) VALUES ('S144','plot 17-1',17);
INSERT INTO farmer_contacts (id,reference,name,phone_number,active,created_at,updated_at) VALUES (18,'C1018','Casey Larsen','901999998',0,'2026-01-01T00:00:00Z','2026-01-01T00:00:00Z');
INSERT INTO farmer_sectors (name,label,farmer_contact_id) VALUES ('S066','plot 18-1',18);
INSERT INTO farmer_sectors (name,label,farmer_contact_id) VALUES ('S036','plot 18-2',18);
INSERT INTO farmer_contacts (id,reference,name,phone_number,active,created_at,updated_at) VALUES (19,'C1019','Riley Haddad','902111109',1,'2026-01-01T00:00:00Z','2026-01-01T00:00:00Z');
INSERT INTO farmer_sectors (name,label,farmer_contact_id) VALUES ('S070','plot 19-1',19);
INSERT INTO farmer_sectors (name,label,farmer_contact_id) VALUES ('S216','plot 19-2',19);
INSERT INTO farmer_sectors (name,label,farmer_contact_id) VALUES ('S100','plot 19-3',19);
INSERT INTO farmer_contacts (id,reference,name,phone_number,active,created_at,updated_at) VALUES (20,'C1020','Morgan Silva','902222220',0,'2026-01-01T00:00:00Z','2026-01-01T00:00:00Z');
